,title,description,content
0,El 28 de diciembre vence el plazo para realizar el cambio de las cuentas en pesos convertibles - Cuba.cu,"El Banco Central de Cuba le recuerda a la población que el 28 de diciembre del 2022, vence el plazo para el cambio de las cuentas en pesos convertibles de las personas naturales, según lo establecido en la Resolución 74/2022 de la Ministra Presidente del Banc…","El Banco Central de Cuba le recuerda a la población que el 28 de diciembre del 2022, vence el plazo para el cambio de las cuentas en pesos convertibles de las personas naturales, según lo establecido… [+1696 chars]"
1,1天3家IPO终止：1家行业过于早期，1家员工66人，1家经营活动现金流为负 - 新浪,1天3家IPO终止：1家行业过于早期，1家员工66人，1家经营活动现金流为负,"V /
12233IPOIPO2IPO
200520122019-20213,0181,1991,77720218,938
LEDLED6627500A3.44%
202141.27%-1,058.13-1,932.13-4,447.071,369.432021124,000
2021
2021
2021
37.74%
20052012
2,750.496,960.8422,… [+1383 chars]"
2,蔚来发布第三代换电站换电时间缩短20% - 集微网,今日，蔚来在举行的NIODay2022活动上，发布第三代换电站，蔚来11月底已累计交付273741台汽车，建成了97家蔚来中心，298家蔚来空间。,"NIO Day 2022CEO1127374197298
20%500kW500kW660A3
20231700+20000+
SUVeC741.85NT2SUVeC775kWh100kWh150kWhCLTC490635940eC7eS8"
3,"Bertone GB110, el majestuoso y descomunal hypercar de 1,100 HP - GQ México","El Bertone GB110 no solo es una exquisitez sobre ruedas, sino que también es un derroche de poder para todos los amantes de la velocidad.","El diseño de este Bertone no dejará indiferente a nadie.Bertone
En cuanto a la transmisión, hay muchas posibilidades de que satisfaga a los entusiastas de la experiencia de manejo, pues se sabe que … [+1931 chars]"
4,La jueza del caso Sam Bankman-Fried renuncia: cita conflicto de intereses Por BeInCrypto - Investing.com España,La jueza del caso Sam Bankman-Fried renuncia: cita conflicto de intereses,"BeInCrypto - La jueza Abrams renunció debido a un posible conflicto de intereses relacionado con la empresa de su esposo y el trabajo anterior con FTX. La socia de SBF, Ellison, se declara culpable y… [+3659 chars]"
5,"교촌치킨 냉동육 논란, 뼈 까만색이면 냉동한 닭? - 헬스조선",치킨 프랜차이즈 교촌치킨이 지난번 중량 논란에 이어 이번엔 냉동육 논란에 휩싸였다. 한 소비자가 온라인...,". . . ?. . , .
(AI) IQF() . IQF . . IQF .
? . . . . .
. . . . . ."
6,空き家が放出されるかもの件｜楽待不動産投資新聞 - 不動産投資の楽待,,
7,"El precio de la luz se desploma el día de Navidad hasta 10,63 euros/MWh, el nivel más bajo desde mayo de 2021 - Notimérica",,"www.notimerica.com is using a security service for protection against online attacks. The service requires full cookie support in order to view this website. 
 Please enable cookies on your browser … [+13 chars]"
8,"Los dispositivos inteligentes para el hogar caen un 2,6% por la falta de chips - lainformacion.com",,
9,"New cars from the Auto Expo 2023, Hyundai Ioniq unveil, Hero XPulse 200T 4V | News | Autocar India - Autocar India","This week on Autocar Quick News, we have launches from the Auto Expo '23, Hyundai's iconic unveil of the Ioniq and launch of the Lexux LX500d and info on the...",
10,Bonus dipendenti 3.000 euro: cosa devono fare i datori di lavoro? - I-Dome.com,"Con il messaggio n. 4616 del 22 dicembre 2022, l’INPS ha fornito le istruzioni per i datori di lavoro relative alle operazioni di conguaglio e","Con il messaggio n. 4616 del 22 dicembre 2022, l’INPS ha fornito le istruzioni per i datori di lavoro relative alle operazioni di conguaglio e recupero del bonus di 3.000 euro per i dipendenti, che r… [+2388 chars]"
11,Aplicativo Caixa Tem: fique atento a estas informações importantes - Edital Concursos Brasil,"Criado para viabilizar os pagamentos do Auxílio Emergencial, aplicativo da Caixa incorporou uma série de novas funções.","A Caixa Econômica Federal lançou, em 2020, o aplicativo Caixa Tem. A ferramenta dava acesso a uma conta poupança social a todos os beneficiários do extinto programa Auxílio Emergencial, o que facilit… [+2109 chars]"
12,Un año en la vida interna de Bitcoin: los cambios que impulsaron la red - CriptoNoticias,Una radiografía de Bitcoin puede mostrar cuánto creció la red durante 2022 en términos de uso e infraestructura.,"Hechos clave:
<ul><li>La red de Bitcoin experimentó numerosos cambios a lo largo de 2022.
</li><li>Los desarrolladores de Bitcoin ejecutaron mejoras y correcciones en el código.
</li></ul>
Hablem… [+12159 chars]"
13,中央财办副主任尹艳林：要对明年中国经济的整体好转充满信心-新闻 - 上海证券报,������֤���й�֤ȯ��Ѷ������ ��Է������ƾ�ίԱ��칫�Ҹ�����������24�����й��Ƹ�����50����̳2022����ϱ�ʾ���ӹ��ڿ������ûָ��Ļ����в��ι̣�“����ѹ��”��Ȼ�ϴ󣬵���չ�������������࣬�����������������ת����������뾭�ù������������Ŀ��Ҫ��Ҳ�������ҹ����ý�����ʳ��ֵķ�չ���ơ�������������Ϊ������ת�ν������ûָ…,
14,Al Akhawayn s'allie à Capgemini pour favoriser l'employabilité de ses lauréats - Telquel.ma,L’Université Al Akhawayn (AUI) et le groupe Capgemini viennent de nouer un partenariat « en faveur de l’innovation et au service de l’employabilité ». Ce rapprochement vise à apporter un soutien aux étudiants dans leurs carrières professionnelles tout en fais…,"Ce partenariat sinscrit selon lUniversité basée à Ifrane, dans sa volonté douverture sur son environnement et de coopérer avec les acteurs du secteur privés. « Les deux acteurs ont mis laccent sur le… [+1145 chars]"
15,אבן קיסר פיטרה 200 מעובדיה - על רקע החולשה בשוק הדיור האמריקאי - TheMarker,,
16,"Bce: Schnabel, critiche dall'Italia? dobbiamo resistere - Ultima Ora - Agenzia ANSA","Contro gli aumenti dei tassi d'interesse ""possiamo aspettarci ulteriore opposizione e dobbiamo resistere. (ANSA)","(ANSA) - ROMA, 24 DIC - Contro gli aumenti dei tassi
d'interesse ""possiamo aspettarci ulteriore opposizione e
dobbiamo resistere. E' proprio per questo che le banche centrali
sono indipendenti"":
… [+382 chars]"
17,"Las Navidades de Bitcoin: precios de ayer, hoy y... ¿mañana? - DiarioBitcoin",Bitcoin cada Navidad: Un vistazo a los precios de la criptomoneda durante las últimos 10 años. ¿Cuánto tendrías hoy si hubieses recibido BTC bajo el arbolito hace 5 años atrás?,"Por Hannah Pérez   Bitcoin cada Navidad: Un vistazo a los precios de la criptomoneda durante las últimos 10 años. ¿Cuánto tendrías hoy si hubieses recibido BTC bajo el arbolito hace 5 años atrás?
**… [+3672 chars]"
18,财经深一度丨从宝武重组中钢，看央企整合新动向--经济·科技 - 人民网,国企改革三年行动收官之际，一项央企重组备受关注——中国宝武钢铁集团有限公司与中国中钢集团有限公司重组大会日前举行，两家央企启动战略重组。作为党的二十大之后央企集团层面首例战略性重组，这项改革释放哪些新,
19,انخفاض في عيار 21 الآن.. أسعار الذهب اليوم السبت 24-12-2022 خلال منتصف التعاملات - Al Masry Al Youm - المصري اليوم,,
